match_id,utcDate,status,matchday,stage,group,home_team,away_team,home_goals,away_goals,competition_code,competition_name,season_id,season_start,season_end
497701,2025-04-01 18:45:00+00:00,FINISHED,30,REGULAR_SEASON,,Arsenal,Fulham,2.0,1.0,PL,Premier League,2287,2024-08-16,2025-05-25
497704,2025-04-01 18:45:00+00:00,FINISHED,30,REGULAR_SEASON,,Wolverhampton Wanderers,West Ham,1.0,0.0,PL,Premier League,2287,2024-08-16,2025-05-25
497703,2025-04-01 19:00:00+00:00,FINISHED,30,REGULAR_SEASON,,Nottingham Forest,Manchester United,1.0,0.0,PL,Premier League,2287,2024-08-16,2025-05-25
497700,2025-04-02 18:45:00+00:00,FINISHED,30,REGULAR_SEASON,,Bournemouth,Ipswich Town FC,1.0,2.0,PL,Premier League,2287,2024-08-16,2025-05-25
497702,2025-04-02 18:45:00+00:00,FINISHED,30,REGULAR_SEASON,,Brighton,Aston Villa,0.0,3.0,PL,Premier League,2287,2024-08-16,2025-05-25
497706,2025-04-02 18:45:00+00:00,FINISHED,30,REGULAR_SEASON,,Manchester City,Leicester City FC,2.0,0.0,PL,Premier League,2287,2024-08-16,2025-05-25
497707,2025-04-02 18:45:00+00:00,FINISHED,30,REGULAR_SEASON,,Newcastle United FC,Brentford,2.0,1.0,PL,Premier League,2287,2024-08-16,2025-05-25
497708,2025-04-02 18:45:00+00:00,FINISHED,30,REGULAR_SEASON,,Southampton FC,Crystal Palace,1.0,1.0,PL,Premier League,2287,2024-08-16,2025-05-25
497709,2025-04-02 19:00:00+00:00,FINISHED,30,REGULAR_SEASON,,Liverpool,Everton,1.0,0.0,PL,Premier League,2287,2024-08-16,2025-05-25
497705,2025-04-03 19:00:00+00:00,FINISHED,30,REGULAR_SEASON,,Chelsea,Tottenham,1.0,0.0,PL,Premier League,2287,2024-08-16,2025-05-25
497713,2025-04-05 11:30:00+00:00,FINISHED,31,REGULAR_SEASON,,Everton,Arsenal,1.0,1.0,PL,Premier League,2287,2024-08-16,2025-05-25
497715,2025-04-05 14:00:00+00:00,FINISHED,31,REGULAR_SEASON,,Ipswich Town FC,Wolverhampton Wanderers,1.0,2.0,PL,Premier League,2287,2024-08-16,2025-05-25
497719,2025-04-05 14:00:00+00:00,FINISHED,31,REGULAR_SEASON,,West Ham,Bournemouth,2.0,2.0,PL,Premier League,2287,2024-08-16,2025-05-25
497712,2025-04-05 14:00:00+00:00,FINISHED,31,REGULAR_SEASON,,Crystal Palace,Brighton,2.0,1.0,PL,Premier League,2287,2024-08-16,2025-05-25
497710,2025-04-05 16:30:00+00:00,FINISHED,31,REGULAR_SEASON,,Aston Villa,Nottingham Forest,2.0,1.0,PL,Premier League,2287,2024-08-16,2025-05-25
497711,2025-04-06 13:00:00+00:00,FINISHED,31,REGULAR_SEASON,,Brentford,Chelsea,0.0,0.0,PL,Premier League,2287,2024-08-16,2025-05-25
497714,2025-04-06 13:00:00+00:00,FINISHED,31,REGULAR_SEASON,,Fulham,Liverpool,3.0,2.0,PL,Premier League,2287,2024-08-16,2025-05-25
497718,2025-04-06 13:00:00+00:00,FINISHED,31,REGULAR_SEASON,,Tottenham,Southampton FC,3.0,1.0,PL,Premier League,2287,2024-08-16,2025-05-25
497717,2025-04-06 15:30:00+00:00,FINISHED,31,REGULAR_SEASON,,Manchester United,Manchester City,0.0,0.0,PL,Premier League,2287,2024-08-16,2025-05-25
497716,2025-04-07 19:00:00+00:00,FINISHED,31,REGULAR_SEASON,,Leicester City FC,Newcastle United FC,0.0,3.0,PL,Premier League,2287,2024-08-16,2025-05-25
497725,2025-04-12 11:30:00+00:00,FINISHED,32,REGULAR_SEASON,,Manchester City,Crystal Palace,5.0,2.0,PL,Premier League,2287,2024-08-16,2025-05-25
497727,2025-04-12 14:00:00+00:00,FINISHED,32,REGULAR_SEASON,,Nottingham Forest,Everton,0.0,1.0,PL,Premier League,2287,2024-08-16,2025-05-25
497722,2025-04-12 14:00:00+00:00,FINISHED,32,REGULAR_SEASON,,Brighton,Leicester City FC,2.0,2.0,PL,Premier League,2287,2024-08-16,2025-05-25
497728,2025-04-12 14:00:00+00:00,FINISHED,32,REGULAR_SEASON,,Southampton FC,Aston Villa,0.0,3.0,PL,Premier League,2287,2024-08-16,2025-05-25
497721,2025-04-12 16:30:00+00:00,FINISHED,32,REGULAR_SEASON,,Arsenal,Brentford,1.0,1.0,PL,Premier League,2287,2024-08-16,2025-05-25
497723,2025-04-13 13:00:00+00:00,FINISHED,32,REGULAR_SEASON,,Chelsea,Ipswich Town FC,2.0,2.0,PL,Premier League,2287,2024-08-16,2025-05-25
497724,2025-04-13 13:00:00+00:00,FINISHED,32,REGULAR_SEASON,,Liverpool,West Ham,2.0,1.0,PL,Premier League,2287,2024-08-16,2025-05-25
497729,2025-04-13 13:00:00+00:00,FINISHED,32,REGULAR_SEASON,,Wolverhampton Wanderers,Tottenham,4.0,2.0,PL,Premier League,2287,2024-08-16,2025-05-25
497726,2025-04-13 15:30:00+00:00,FINISHED,32,REGULAR_SEASON,,Newcastle United FC,Manchester United,4.0,1.0,PL,Premier League,2287,2024-08-16,2025-05-25
497720,2025-04-14 19:00:00+00:00,FINISHED,32,REGULAR_SEASON,,Bournemouth,Fulham,1.0,0.0,PL,Premier League,2287,2024-08-16,2025-05-25
497698,2025-04-16 18:30:00+00:00,FINISHED,29,REGULAR_SEASON,,Newcastle United FC,Crystal Palace,5.0,0.0,PL,Premier League,2287,2024-08-16,2025-05-25
497732,2025-04-19 14:00:00+00:00,FINISHED,33,REGULAR_SEASON,,Crystal Palace,Bournemouth,0.0,0.0,PL,Premier League,2287,2024-08-16,2025-05-25
497731,2025-04-19 14:00:00+00:00,FINISHED,33,REGULAR_SEASON,,Brentford,Brighton,4.0,2.0,PL,Premier League,2287,2024-08-16,2025-05-25
497739,2025-04-19 14:00:00+00:00,FINISHED,33,REGULAR_SEASON,,West Ham,Southampton FC,1.0,1.0,PL,Premier League,2287,2024-08-16,2025-05-25
497733,2025-04-19 14:00:00+00:00,FINISHED,33,REGULAR_SEASON,,Everton,Manchester City,0.0,2.0,PL,Premier League,2287,2024-08-16,2025-05-25
497730,2025-04-19 16:30:00+00:00,FINISHED,33,REGULAR_SEASON,,Aston Villa,Newcastle United FC,4.0,1.0,PL,Premier League,2287,2024-08-16,2025-05-25
497737,2025-04-20 13:00:00+00:00,FINISHED,33,REGULAR_SEASON,,Manchester United,Wolverhampton Wanderers,0.0,1.0,PL,Premier League,2287,2024-08-16,2025-05-25
497735,2025-04-20 13:00:00+00:00,FINISHED,33,REGULAR_SEASON,,Ipswich Town FC,Arsenal,0.0,4.0,PL,Premier League,2287,2024-08-16,2025-05-25
497734,2025-04-20 13:00:00+00:00,FINISHED,33,REGULAR_SEASON,,Fulham,Chelsea,1.0,2.0,PL,Premier League,2287,2024-08-16,2025-05-25
497736,2025-04-20 15:30:00+00:00,FINISHED,33,REGULAR_SEASON,,Leicester City FC,Liverpool,0.0,1.0,PL,Premier League,2287,2024-08-16,2025-05-25
497738,2025-04-21 19:00:00+00:00,FINISHED,33,REGULAR_SEASON,,Tottenham,Nottingham Forest,1.0,2.0,PL,Premier League,2287,2024-08-16,2025-05-25
497745,2025-04-22 19:00:00+00:00,FINISHED,34,REGULAR_SEASON,,Manchester City,Aston Villa,2.0,1.0,PL,Premier League,2287,2024-08-16,2025-05-25
497741,2025-04-23 19:00:00+00:00,FINISHED,34,REGULAR_SEASON,,Arsenal,Crystal Palace,2.0,2.0,PL,Premier League,2287,2024-08-16,2025-05-25
497743,2025-04-26 11:30:00+00:00,FINISHED,34,REGULAR_SEASON,,Chelsea,Everton,1.0,0.0,PL,Premier League,2287,2024-08-16,2025-05-25
497742,2025-04-26 14:00:00+00:00,FINISHED,34,REGULAR_SEASON,,Brighton,West Ham,3.0,2.0,PL,Premier League,2287,2024-08-16,2025-05-25
497746,2025-04-26 14:00:00+00:00,FINISHED,34,REGULAR_SEASON,,Newcastle United FC,Ipswich Town FC,3.0,0.0,PL,Premier League,2287,2024-08-16,2025-05-25
497748,2025-04-26 14:00:00+00:00,FINISHED,34,REGULAR_SEASON,,Southampton FC,Fulham,1.0,2.0,PL,Premier League,2287,2024-08-16,2025-05-25
497749,2025-04-26 14:00:00+00:00,FINISHED,34,REGULAR_SEASON,,Wolverhampton Wanderers,Leicester City FC,3.0,0.0,PL,Premier League,2287,2024-08-16,2025-05-25
497740,2025-04-27 13:00:00+00:00,FINISHED,34,REGULAR_SEASON,,Bournemouth,Manchester United,1.0,1.0,PL,Premier League,2287,2024-08-16,2025-05-25
497744,2025-04-27 15:30:00+00:00,FINISHED,34,REGULAR_SEASON,,Liverpool,Tottenham,5.0,1.0,PL,Premier League,2287,2024-08-16,2025-05-25
497747,2025-05-01 18:30:00+00:00,FINISHED,34,REGULAR_SEASON,,Nottingham Forest,Brentford,0.0,2.0,PL,Premier League,2287,2024-08-16,2025-05-25
497758,2025-05-02 19:00:00+00:00,FINISHED,35,REGULAR_SEASON,,Manchester City,Wolverhampton Wanderers,1.0,0.0,PL,Premier League,2287,2024-08-16,2025-05-25
497751,2025-05-03 11:30:00+00:00,FINISHED,35,REGULAR_SEASON,,Aston Villa,Fulham,1.0,0.0,PL,Premier League,2287,2024-08-16,2025-05-25
497756,2025-05-03 14:00:00+00:00,FINISHED,35,REGULAR_SEASON,,Everton,Ipswich Town FC,2.0,2.0,PL,Premier League,2287,2024-08-16,2025-05-25
497757,2025-05-03 14:00:00+00:00,FINISHED,35,REGULAR_SEASON,,Leicester City FC,Southampton FC,2.0,0.0,PL,Premier League,2287,2024-08-16,2025-05-25
497750,2025-05-03 16:30:00+00:00,FINISHED,35,REGULAR_SEASON,,Arsenal,Bournemouth,1.0,2.0,PL,Premier League,2287,2024-08-16,2025-05-25
497752,2025-05-04 13:00:00+00:00,FINISHED,35,REGULAR_SEASON,,Brentford,Manchester United,4.0,3.0,PL,Premier League,2287,2024-08-16,2025-05-25
497753,2025-05-04 13:00:00+00:00,FINISHED,35,REGULAR_SEASON,,Brighton,Newcastle United FC,1.0,1.0,PL,Premier League,2287,2024-08-16,2025-05-25
497759,2025-05-04 13:00:00+00:00,FINISHED,35,REGULAR_SEASON,,West Ham,Tottenham,1.0,1.0,PL,Premier League,2287,2024-08-16,2025-05-25
497754,2025-05-04 15:30:00+00:00,FINISHED,35,REGULAR_SEASON,,Chelsea,Liverpool,3.0,1.0,PL,Premier League,2287,2024-08-16,2025-05-25
497755,2025-05-05 19:00:00+00:00,FINISHED,35,REGULAR_SEASON,,Crystal Palace,Nottingham Forest,1.0,1.0,PL,Premier League,2287,2024-08-16,2025-05-25
497769,2025-05-10 14:00:00+00:00,FINISHED,36,REGULAR_SEASON,,Wolverhampton Wanderers,Brighton,0.0,2.0,PL,Premier League,2287,2024-08-16,2025-05-25
497767,2025-05-10 14:00:00+00:00,FINISHED,36,REGULAR_SEASON,,Southampton FC,Manchester City,0.0,0.0,PL,Premier League,2287,2024-08-16,2025-05-25
497761,2025-05-10 14:00:00+00:00,FINISHED,36,REGULAR_SEASON,,Fulham,Everton,1.0,3.0,PL,Premier League,2287,2024-08-16,2025-05-25
497762,2025-05-10 14:00:00+00:00,FINISHED,36,REGULAR_SEASON,,Ipswich Town FC,Brentford,0.0,1.0,PL,Premier League,2287,2024-08-16,2025-05-25
497760,2025-05-10 16:30:00+00:00,FINISHED,36,REGULAR_SEASON,,Bournemouth,Aston Villa,0.0,1.0,PL,Premier League,2287,2024-08-16,2025-05-25
497765,2025-05-11 11:00:00+00:00,FINISHED,36,REGULAR_SEASON,,Newcastle United FC,Chelsea,2.0,0.0,PL,Premier League,2287,2024-08-16,2025-05-25
497764,2025-05-11 13:15:00+00:00,FINISHED,36,REGULAR_SEASON,,Manchester United,West Ham,0.0,2.0,PL,Premier League,2287,2024-08-16,2025-05-25
497766,2025-05-11 13:15:00+00:00,FINISHED,36,REGULAR_SEASON,,Nottingham Forest,Leicester City FC,2.0,2.0,PL,Premier League,2287,2024-08-16,2025-05-25
497768,2025-05-11 13:15:00+00:00,FINISHED,36,REGULAR_SEASON,,Tottenham,Crystal Palace,0.0,2.0,PL,Premier League,2287,2024-08-16,2025-05-25
497763,2025-05-11 15:30:00+00:00,FINISHED,36,REGULAR_SEASON,,Liverpool,Arsenal,2.0,2.0,PL,Premier League,2287,2024-08-16,2025-05-25
497771,2025-05-16 18:30:00+00:00,FINISHED,37,REGULAR_SEASON,,Aston Villa,Tottenham,2.0,0.0,PL,Premier League,2287,2024-08-16,2025-05-25
497774,2025-05-16 19:15:00+00:00,FINISHED,37,REGULAR_SEASON,,Chelsea,Manchester United,1.0,0.0,PL,Premier League,2287,2024-08-16,2025-05-25
497776,2025-05-18 11:00:00+00:00,FINISHED,37,REGULAR_SEASON,,Everton,Southampton FC,2.0,0.0,PL,Premier League,2287,2024-08-16,2025-05-25
497779,2025-05-18 13:15:00+00:00,FINISHED,37,REGULAR_SEASON,,West Ham,Nottingham Forest,1.0,2.0,PL,Premier League,2287,2024-08-16,2025-05-25
497777,2025-05-18 14:00:00+00:00,FINISHED,37,REGULAR_SEASON,,Leicester City FC,Ipswich Town FC,2.0,0.0,PL,Premier League,2287,2024-08-16,2025-05-25
497772,2025-05-18 14:00:00+00:00,FINISHED,37,REGULAR_SEASON,,Brentford,Fulham,2.0,3.0,PL,Premier League,2287,2024-08-16,2025-05-25
497770,2025-05-18 15:30:00+00:00,FINISHED,37,REGULAR_SEASON,,Arsenal,Newcastle United FC,1.0,0.0,PL,Premier League,2287,2024-08-16,2025-05-25
497773,2025-05-19 19:00:00+00:00,FINISHED,37,REGULAR_SEASON,,Brighton,Liverpool,3.0,2.0,PL,Premier League,2287,2024-08-16,2025-05-25
497775,2025-05-20 19:00:00+00:00,FINISHED,37,REGULAR_SEASON,,Crystal Palace,Wolverhampton Wanderers,4.0,2.0,PL,Premier League,2287,2024-08-16,2025-05-25
497778,2025-05-20 19:00:00+00:00,FINISHED,37,REGULAR_SEASON,,Manchester City,Bournemouth,3.0,1.0,PL,Premier League,2287,2024-08-16,2025-05-25
497785,2025-05-25 15:00:00+00:00,FINISHED,38,REGULAR_SEASON,,Newcastle United FC,Everton,0.0,1.0,PL,Premier League,2287,2024-08-16,2025-05-25
497788,2025-05-25 15:00:00+00:00,FINISHED,38,REGULAR_SEASON,,Tottenham,Brighton,1.0,4.0,PL,Premier League,2287,2024-08-16,2025-05-25
497786,2025-05-25 15:00:00+00:00,FINISHED,38,REGULAR_SEASON,,Nottingham Forest,Chelsea,0.0,1.0,PL,Premier League,2287,2024-08-16,2025-05-25
497789,2025-05-25 15:00:00+00:00,FINISHED,38,REGULAR_SEASON,,Wolverhampton Wanderers,Brentford,1.0,1.0,PL,Premier League,2287,2024-08-16,2025-05-25
497787,2025-05-25 15:00:00+00:00,FINISHED,38,REGULAR_SEASON,,Southampton FC,Arsenal,1.0,2.0,PL,Premier League,2287,2024-08-16,2025-05-25
497783,2025-05-25 15:00:00+00:00,FINISHED,38,REGULAR_SEASON,,Liverpool,Crystal Palace,1.0,1.0,PL,Premier League,2287,2024-08-16,2025-05-25
497782,2025-05-25 15:00:00+00:00,FINISHED,38,REGULAR_SEASON,,Ipswich Town FC,West Ham,1.0,3.0,PL,Premier League,2287,2024-08-16,2025-05-25
497781,2025-05-25 15:00:00+00:00,FINISHED,38,REGULAR_SEASON,,Fulham,Manchester City,0.0,2.0,PL,Premier League,2287,2024-08-16,2025-05-25
497784,2025-05-25 15:00:00+00:00,FINISHED,38,REGULAR_SEASON,,Manchester United,Aston Villa,2.0,0.0,PL,Premier League,2287,2024-08-16,2025-05-25
497780,2025-05-25 15:00:00+00:00,FINISHED,38,REGULAR_SEASON,,Bournemouth,Leicester City FC,2.0,0.0,PL,Premier League,2287,2024-08-16,2025-05-25
537785,2025-08-15 19:00:00+00:00,FINISHED,1,REGULAR_SEASON,,Liverpool,Bournemouth,4.0,2.0,PL,Premier League,2403,2025-08-15,2026-05-24
537786,2025-08-16 11:30:00+00:00,FINISHED,1,REGULAR_SEASON,,Aston Villa,Newcastle United FC,0.0,0.0,PL,Premier League,2403,2025-08-15,2026-05-24
537789,2025-08-16 14:00:00+00:00,FINISHED,1,REGULAR_SEASON,,Sunderland,West Ham,3.0,0.0,PL,Premier League,2403,2025-08-15,2026-05-24
537790,2025-08-16 14:00:00+00:00,FINISHED,1,REGULAR_SEASON,,Tottenham,Burnley,3.0,0.0,PL,Premier League,2403,2025-08-15,2026-05-24
537787,2025-08-16 14:00:00+00:00,FINISHED,1,REGULAR_SEASON,,Brighton,Fulham,1.0,1.0,PL,Premier League,2403,2025-08-15,2026-05-24
537791,2025-08-16 16:30:00+00:00,FINISHED,1,REGULAR_SEASON,,Wolverhampton Wanderers,Manchester City,0.0,4.0,PL,Premier League,2403,2025-08-15,2026-05-24
537788,2025-08-17 13:00:00+00:00,FINISHED,1,REGULAR_SEASON,,Nottingham Forest,Brentford,3.0,1.0,PL,Premier League,2403,2025-08-15,2026-05-24
537792,2025-08-17 13:00:00+00:00,FINISHED,1,REGULAR_SEASON,,Chelsea,Crystal Palace,0.0,0.0,PL,Premier League,2403,2025-08-15,2026-05-24
537793,2025-08-17 15:30:00+00:00,FINISHED,1,REGULAR_SEASON,,Manchester United,Arsenal,0.0,1.0,PL,Premier League,2403,2025-08-15,2026-05-24
537794,2025-08-18 19:00:00+00:00,FINISHED,1,REGULAR_SEASON,,Leeds,Everton,1.0,0.0,PL,Premier League,2403,2025-08-15,2026-05-24
537804,2025-08-22 19:00:00+00:00,FINISHED,2,REGULAR_SEASON,,West Ham,Chelsea,1.0,5.0,PL,Premier League,2403,2025-08-15,2026-05-24
537802,2025-08-23 11:30:00+00:00,FINISHED,2,REGULAR_SEASON,,Manchester City,Tottenham,0.0,2.0,PL,Premier League,2403,2025-08-15,2026-05-24
537798,2025-08-23 14:00:00+00:00,FINISHED,2,REGULAR_SEASON,,Brentford,Aston Villa,1.0,0.0,PL,Premier League,2403,2025-08-15,2026-05-24
537799,2025-08-23 14:00:00+00:00,FINISHED,2,REGULAR_SEASON,,Burnley,Sunderland,2.0,0.0,PL,Premier League,2403,2025-08-15,2026-05-24
537795,2025-08-23 14:00:00+00:00,FINISHED,2,REGULAR_SEASON,,Bournemouth,Wolverhampton Wanderers,1.0,0.0,PL,Premier League,2403,2025-08-15,2026-05-24
537797,2025-08-23 16:30:00+00:00,FINISHED,2,REGULAR_SEASON,,Arsenal,Leeds,5.0,0.0,PL,Premier League,2403,2025-08-15,2026-05-24
537796,2025-08-24 13:00:00+00:00,FINISHED,2,REGULAR_SEASON,,Crystal Palace,Nottingham Forest,1.0,1.0,PL,Premier League,2403,2025-08-15,2026-05-24
537800,2025-08-24 13:00:00+00:00,FINISHED,2,REGULAR_SEASON,,Everton,Brighton,2.0,0.0,PL,Premier League,2403,2025-08-15,2026-05-24
537801,2025-08-24 15:30:00+00:00,FINISHED,2,REGULAR_SEASON,,Fulham,Manchester United,1.0,1.0,PL,Premier League,2403,2025-08-15,2026-05-24
537803,2025-08-25 19:00:00+00:00,FINISHED,2,REGULAR_SEASON,,Newcastle United FC,Liverpool,2.0,3.0,PL,Premier League,2403,2025-08-15,2026-05-24
537808,2025-08-30 11:30:00+00:00,FINISHED,3,REGULAR_SEASON,,Chelsea,Fulham,2.0,0.0,PL,Premier League,2403,2025-08-15,2026-05-24
537814,2025-08-30 14:00:00+00:00,FINISHED,3,REGULAR_SEASON,,Wolverhampton Wanderers,Everton,2.0,3.0,PL,Premier League,2403,2025-08-15,2026-05-24
537813,2025-08-30 14:00:00+00:00,FINISHED,3,REGULAR_SEASON,,Tottenham,Bournemouth,0.0,1.0,PL,Premier League,2403,2025-08-15,2026-05-24
537805,2025-08-30 14:00:00+00:00,FINISHED,3,REGULAR_SEASON,,Sunderland,Brentford,2.0,1.0,PL,Premier League,2403,2025-08-15,2026-05-24
537811,2025-08-30 14:00:00+00:00,FINISHED,3,REGULAR_SEASON,,Manchester United,Burnley,3.0,2.0,PL,Premier League,2403,2025-08-15,2026-05-24
537810,2025-08-30 16:30:00+00:00,FINISHED,3,REGULAR_SEASON,,Leeds,Newcastle United FC,0.0,0.0,PL,Premier League,2403,2025-08-15,2026-05-24
537807,2025-08-31 13:00:00+00:00,FINISHED,3,REGULAR_SEASON,,Brighton,Manchester City,2.0,1.0,PL,Premier League,2403,2025-08-15,2026-05-24
537812,2025-08-31 13:00:00+00:00,FINISHED,3,REGULAR_SEASON,,Nottingham Forest,West Ham,0.0,3.0,PL,Premier League,2403,2025-08-15,2026-05-24
537809,2025-08-31 15:30:00+00:00,FINISHED,3,REGULAR_SEASON,,Liverpool,Arsenal,1.0,0.0,PL,Premier League,2403,2025-08-15,2026-05-24
537806,2025-08-31 18:00:00+00:00,FINISHED,3,REGULAR_SEASON,,Aston Villa,Crystal Palace,0.0,3.0,PL,Premier League,2403,2025-08-15,2026-05-24
537817,2025-09-13 11:30:00+00:00,FINISHED,4,REGULAR_SEASON,,Arsenal,Nottingham Forest,3.0,0.0,PL,Premier League,2403,2025-08-15,2026-05-24
537821,2025-09-13 14:00:00+00:00,FINISHED,4,REGULAR_SEASON,,Fulham,Leeds,1.0,0.0,PL,Premier League,2403,2025-08-15,2026-05-24
537820,2025-09-13 14:00:00+00:00,FINISHED,4,REGULAR_SEASON,,Everton,Aston Villa,0.0,0.0,PL,Premier League,2403,2025-08-15,2026-05-24
537823,2025-09-13 14:00:00+00:00,FINISHED,4,REGULAR_SEASON,,Newcastle United FC,Wolverhampton Wanderers,1.0,0.0,PL,Premier League,2403,2025-08-15,2026-05-24
537815,2025-09-13 14:00:00+00:00,FINISHED,4,REGULAR_SEASON,,Bournemouth,Brighton,2.0,1.0,PL,Premier League,2403,2025-08-15,2026-05-24
537816,2025-09-13 14:00:00+00:00,FINISHED,4,REGULAR_SEASON,,Crystal Palace,Sunderland,0.0,0.0,PL,Premier League,2403,2025-08-15,2026-05-24
537824,2025-09-13 16:30:00+00:00,FINISHED,4,REGULAR_SEASON,,West Ham,Tottenham,0.0,3.0,PL,Premier League,2403,2025-08-15,2026-05-24
537818,2025-09-13 19:00:00+00:00,FINISHED,4,REGULAR_SEASON,,Brentford,Chelsea,2.0,2.0,PL,Premier League,2403,2025-08-15,2026-05-24
537819,2025-09-14 13:00:00+00:00,FINISHED,4,REGULAR_SEASON,,Burnley,Liverpool,0.0,1.0,PL,Premier League,2403,2025-08-15,2026-05-24
537822,2025-09-14 15:30:00+00:00,FINISHED,4,REGULAR_SEASON,,Manchester City,Manchester United,3.0,0.0,PL,Premier League,2403,2025-08-15,2026-05-24
537831,2025-09-20 11:30:00+00:00,FINISHED,5,REGULAR_SEASON,,Liverpool,Everton,2.0,1.0,PL,Premier League,2403,2025-08-15,2026-05-24
537827,2025-09-20 14:00:00+00:00,FINISHED,5,REGULAR_SEASON,,Brighton,Tottenham,2.0,2.0,PL,Premier League,2403,2025-08-15,2026-05-24
537829,2025-09-20 14:00:00+00:00,FINISHED,5,REGULAR_SEASON,,Burnley,Nottingham Forest,1.0,1.0,PL,Premier League,2403,2025-08-15,2026-05-24
537833,2025-09-20 14:00:00+00:00,FINISHED,5,REGULAR_SEASON,,West Ham,Crystal Palace,1.0,2.0,PL,Premier League,2403,2025-08-15,2026-05-24
537834,2025-09-20 14:00:00+00:00,FINISHED,5,REGULAR_SEASON,,Wolverhampton Wanderers,Leeds,1.0,3.0,PL,Premier League,2403,2025-08-15,2026-05-24
537832,2025-09-20 16:30:00+00:00,FINISHED,5,REGULAR_SEASON,,Manchester United,Chelsea,2.0,1.0,PL,Premier League,2403,2025-08-15,2026-05-24
537830,2025-09-20 19:00:00+00:00,FINISHED,5,REGULAR_SEASON,,Fulham,Brentford,3.0,1.0,PL,Premier League,2403,2025-08-15,2026-05-24
537826,2025-09-21 13:00:00+00:00,FINISHED,5,REGULAR_SEASON,,Sunderland,Aston Villa,1.0,1.0,PL,Premier League,2403,2025-08-15,2026-05-24
537825,2025-09-21 13:00:00+00:00,FINISHED,5,REGULAR_SEASON,,Bournemouth,Newcastle United FC,0.0,0.0,PL,Premier League,2403,2025-08-15,2026-05-24
537828,2025-09-21 15:30:00+00:00,FINISHED,5,REGULAR_SEASON,,Arsenal,Manchester City,1.0,1.0,PL,Premier League,2403,2025-08-15,2026-05-24
537837,2025-09-27 11:30:00+00:00,FINISHED,6,REGULAR_SEASON,,Brentford,Manchester United,3.0,1.0,PL,Premier League,2403,2025-08-15,2026-05-24
537836,2025-09-27 14:00:00+00:00,FINISHED,6,REGULAR_SEASON,,Crystal Palace,Liverpool,2.0,1.0,PL,Premier League,2403,2025-08-15,2026-05-24
537838,2025-09-27 14:00:00+00:00,FINISHED,6,REGULAR_SEASON,,Chelsea,Brighton,1.0,3.0,PL,Premier League,2403,2025-08-15,2026-05-24
537840,2025-09-27 14:00:00+00:00,FINISHED,6,REGULAR_SEASON,,Leeds,Bournemouth,2.0,2.0,PL,Premier League,2403,2025-08-15,2026-05-24
537841,2025-09-27 14:00:00+00:00,FINISHED,6,REGULAR_SEASON,,Manchester City,Burnley,5.0,1.0,PL,Premier League,2403,2025-08-15,2026-05-24
537843,2025-09-27 16:30:00+00:00,FINISHED,6,REGULAR_SEASON,,Nottingham Forest,Sunderland,0.0,1.0,PL,Premier League,2403,2025-08-15,2026-05-24
537844,2025-09-27 19:00:00+00:00,FINISHED,6,REGULAR_SEASON,,Tottenham,Wolverhampton Wanderers,1.0,1.0,PL,Premier League,2403,2025-08-15,2026-05-24
537835,2025-09-28 13:00:00+00:00,FINISHED,6,REGULAR_SEASON,,Aston Villa,Fulham,3.0,1.0,PL,Premier League,2403,2025-08-15,2026-05-24
537842,2025-09-28 15:30:00+00:00,FINISHED,6,REGULAR_SEASON,,Newcastle United FC,Arsenal,1.0,2.0,PL,Premier League,2403,2025-08-15,2026-05-24
537839,2025-09-29 19:00:00+00:00,FINISHED,6,REGULAR_SEASON,,Everton,West Ham,1.0,1.0,PL,Premier League,2403,2025-08-15,2026-05-24
537845,2025-10-03 19:00:00+00:00,FINISHED,7,REGULAR_SEASON,,Bournemouth,Fulham,3.0,1.0,PL,Premier League,2403,2025-08-15,2026-05-24
537851,2025-10-04 11:30:00+00:00,FINISHED,7,REGULAR_SEASON,,Leeds,Tottenham,1.0,2.0,PL,Premier League,2403,2025-08-15,2026-05-24
537847,2025-10-04 14:00:00+00:00,FINISHED,7,REGULAR_SEASON,,Arsenal,West Ham,2.0,0.0,PL,Premier League,2403,2025-08-15,2026-05-24
537852,2025-10-04 14:00:00+00:00,FINISHED,7,REGULAR_SEASON,,Manchester United,Sunderland,2.0,0.0,PL,Premier League,2403,2025-08-15,2026-05-24
537849,2025-10-04 16:30:00+00:00,FINISHED,7,REGULAR_SEASON,,Chelsea,Liverpool,2.0,1.0,PL,Premier League,2403,2025-08-15,2026-05-24
537846,2025-10-05 13:00:00+00:00,FINISHED,7,REGULAR_SEASON,,Aston Villa,Burnley,2.0,1.0,PL,Premier League,2403,2025-08-15,2026-05-24
537850,2025-10-05 13:00:00+00:00,FINISHED,7,REGULAR_SEASON,,Everton,Crystal Palace,2.0,1.0,PL,Premier League,2403,2025-08-15,2026-05-24
537853,2025-10-05 13:00:00+00:00,FINISHED,7,REGULAR_SEASON,,Newcastle United FC,Nottingham Forest,2.0,0.0,PL,Premier League,2403,2025-08-15,2026-05-24
537854,2025-10-05 13:00:00+00:00,FINISHED,7,REGULAR_SEASON,,Wolverhampton Wanderers,Brighton,1.0,1.0,PL,Premier League,2403,2025-08-15,2026-05-24
537848,2025-10-05 15:30:00+00:00,FINISHED,7,REGULAR_SEASON,,Brentford,Manchester City,0.0,1.0,PL,Premier League,2403,2025-08-15,2026-05-24
537862,2025-10-18 11:30:00+00:00,FINISHED,8,REGULAR_SEASON,,Nottingham Forest,Chelsea,0.0,3.0,PL,Premier League,2403,2025-08-15,2026-05-24
537858,2025-10-18 14:00:00+00:00,FINISHED,8,REGULAR_SEASON,,Burnley,Leeds,2.0,0.0,PL,Premier League,2403,2025-08-15,2026-05-24
537861,2025-10-18 14:00:00+00:00,FINISHED,8,REGULAR_SEASON,,Manchester City,Everton,2.0,0.0,PL,Premier League,2403,2025-08-15,2026-05-24
537857,2025-10-18 14:00:00+00:00,FINISHED,8,REGULAR_SEASON,,Crystal Palace,Bournemouth,3.0,3.0,PL,Premier League,2403,2025-08-15,2026-05-24
537855,2025-10-18 14:00:00+00:00,FINISHED,8,REGULAR_SEASON,,Sunderland,Wolverhampton Wanderers,2.0,0.0,PL,Premier League,2403,2025-08-15,2026-05-24
537856,2025-10-18 14:00:00+00:00,FINISHED,8,REGULAR_SEASON,,Brighton,Newcastle United FC,2.0,1.0,PL,Premier League,2403,2025-08-15,2026-05-24
537859,2025-10-18 16:30:00+00:00,FINISHED,8,REGULAR_SEASON,,Fulham,Arsenal,0.0,1.0,PL,Premier League,2403,2025-08-15,2026-05-24
537863,2025-10-19 13:00:00+00:00,FINISHED,8,REGULAR_SEASON,,Tottenham,Aston Villa,1.0,2.0,PL,Premier League,2403,2025-08-15,2026-05-24
537860,2025-10-19 15:30:00+00:00,FINISHED,8,REGULAR_SEASON,,Liverpool,Manchester United,1.0,2.0,PL,Premier League,2403,2025-08-15,2026-05-24
537864,2025-10-20 19:00:00+00:00,FINISHED,8,REGULAR_SEASON,,West Ham,Brentford,0.0,2.0,PL,Premier League,2403,2025-08-15,2026-05-24
537871,2025-10-24 19:00:00+00:00,FINISHED,9,REGULAR_SEASON,,Leeds,West Ham,2.0,1.0,PL,Premier League,2403,2025-08-15,2026-05-24
537869,2025-10-25 14:00:00+00:00,FINISHED,9,REGULAR_SEASON,,Chelsea,Sunderland,1.0,2.0,PL,Premier League,2403,2025-08-15,2026-05-24
537873,2025-10-25 14:00:00+00:00,FINISHED,9,REGULAR_SEASON,,Newcastle United FC,Fulham,2.0,1.0,PL,Premier League,2403,2025-08-15,2026-05-24
537872,2025-10-25 16:30:00+00:00,FINISHED,9,REGULAR_SEASON,,Manchester United,Brighton,4.0,2.0,PL,Premier League,2403,2025-08-15,2026-05-24
537868,2025-10-25 19:00:00+00:00,FINISHED,9,REGULAR_SEASON,,Brentford,Liverpool,3.0,2.0,PL,Premier League,2403,2025-08-15,2026-05-24
537867,2025-10-26 14:00:00+00:00,FINISHED,9,REGULAR_SEASON,,Arsenal,Crystal Palace,1.0,0.0,PL,Premier League,2403,2025-08-15,2026-05-24
537874,2025-10-26 14:00:00+00:00,FINISHED,9,REGULAR_SEASON,,Wolverhampton Wanderers,Burnley,2.0,3.0,PL,Premier League,2403,2025-08-15,2026-05-24
537866,2025-10-26 14:00:00+00:00,FINISHED,9,REGULAR_SEASON,,Aston Villa,Manchester City,1.0,0.0,PL,Premier League,2403,2025-08-15,2026-05-24
537865,2025-10-26 14:00:00+00:00,FINISHED,9,REGULAR_SEASON,,Bournemouth,Nottingham Forest,2.0,0.0,PL,Premier League,2403,2025-08-15,2026-05-24
537870,2025-10-26 16:30:00+00:00,FINISHED,9,REGULAR_SEASON,,Everton,Tottenham,0.0,3.0,PL,Premier League,2403,2025-08-15,2026-05-24
537876,2025-11-01 15:00:00+00:00,FINISHED,10,REGULAR_SEASON,,Brighton,Leeds,3.0,0.0,PL,Premier League,2403,2025-08-15,2026-05-24
537877,2025-11-01 15:00:00+00:00,FINISHED,10,REGULAR_SEASON,,Crystal Palace,Brentford,2.0,0.0,PL,Premier League,2403,2025-08-15,2026-05-24
537878,2025-11-01 15:00:00+00:00,FINISHED,10,REGULAR_SEASON,,Burnley,Arsenal,0.0,2.0,PL,Premier League,2403,2025-08-15,2026-05-24
537879,2025-11-01 15:00:00+00:00,FINISHED,10,REGULAR_SEASON,,Fulham,Wolverhampton Wanderers,3.0,0.0,PL,Premier League,2403,2025-08-15,2026-05-24
537882,2025-11-01 15:00:00+00:00,FINISHED,10,REGULAR_SEASON,,Nottingham Forest,Manchester United,2.0,2.0,PL,Premier League,2403,2025-08-15,2026-05-24
537883,2025-11-01 17:30:00+00:00,FINISHED,10,REGULAR_SEASON,,Tottenham,Chelsea,0.0,1.0,PL,Premier League,2403,2025-08-15,2026-05-24
537880,2025-11-01 20:00:00+00:00,FINISHED,10,REGULAR_SEASON,,Liverpool,Aston Villa,2.0,0.0,PL,Premier League,2403,2025-08-15,2026-05-24
537884,2025-11-02 14:00:00+00:00,FINISHED,10,REGULAR_SEASON,,West Ham,Newcastle United FC,3.0,1.0,PL,Premier League,2403,2025-08-15,2026-05-24
537881,2025-11-02 16:30:00+00:00,FINISHED,10,REGULAR_SEASON,,Manchester City,Bournemouth,3.0,1.0,PL,Premier League,2403,2025-08-15,2026-05-24
537875,2025-11-03 20:00:00+00:00,FINISHED,10,REGULAR_SEASON,,Sunderland,Everton,1.0,1.0,PL,Premier League,2403,2025-08-15,2026-05-24
537893,2025-11-08 12:30:00+00:00,FINISHED,11,REGULAR_SEASON,,Tottenham,Manchester United,2.0,2.0,PL,Premier League,2403,2025-08-15,2026-05-24
537890,2025-11-08 15:00:00+00:00,FINISHED,11,REGULAR_SEASON,,Everton,Fulham,2.0,0.0,PL,Premier League,2403,2025-08-15,2026-05-24
537894,2025-11-08 15:00:00+00:00,FINISHED,11,REGULAR_SEASON,,West Ham,Burnley,3.0,2.0,PL,Premier League,2403,2025-08-15,2026-05-24
537885,2025-11-08 17:30:00+00:00,FINISHED,11,REGULAR_SEASON,,Sunderland,Arsenal,2.0,2.0,PL,Premier League,2403,2025-08-15,2026-05-24
537889,2025-11-08 20:00:00+00:00,FINISHED,11,REGULAR_SEASON,,Chelsea,Wolverhampton Wanderers,3.0,0.0,PL,Premier League,2403,2025-08-15,2026-05-24
537886,2025-11-09 14:00:00+00:00,FINISHED,11,REGULAR_SEASON,,Aston Villa,Bournemouth,4.0,0.0,PL,Premier League,2403,2025-08-15,2026-05-24
537887,2025-11-09 14:00:00+00:00,FINISHED,11,REGULAR_SEASON,,Crystal Palace,Brighton,0.0,0.0,PL,Premier League,2403,2025-08-15,2026-05-24
537888,2025-11-09 14:00:00+00:00,FINISHED,11,REGULAR_SEASON,,Brentford,Newcastle United FC,3.0,1.0,PL,Premier League,2403,2025-08-15,2026-05-24
537892,2025-11-09 14:00:00+00:00,FINISHED,11,REGULAR_SEASON,,Nottingham Forest,Leeds,3.0,1.0,PL,Premier League,2403,2025-08-15,2026-05-24
537891,2025-11-09 16:30:00+00:00,FINISHED,11,REGULAR_SEASON,,Manchester City,Liverpool,3.0,0.0,PL,Premier League,2403,2025-08-15,2026-05-24
537898,2025-11-22 12:30:00+00:00,FINISHED,12,REGULAR_SEASON,,Burnley,Chelsea,0.0,2.0,PL,Premier League,2403,2025-08-15,2026-05-24
537895,2025-11-22 15:00:00+00:00,FINISHED,12,REGULAR_SEASON,,Bournemouth,West Ham,2.0,2.0,PL,Premier League,2403,2025-08-15,2026-05-24
537904,2025-11-22 15:00:00+00:00,FINISHED,12,REGULAR_SEASON,,Wolverhampton Wanderers,Crystal Palace,0.0,2.0,PL,Premier League,2403,2025-08-15,2026-05-24
537900,2025-11-22 15:00:00+00:00,FINISHED,12,REGULAR_SEASON,,Liverpool,Nottingham Forest,0.0,3.0,PL,Premier League,2403,2025-08-15,2026-05-24
537896,2025-11-22 15:00:00+00:00,FINISHED,12,REGULAR_SEASON,,Brighton,Brentford,2.0,1.0,PL,Premier League,2403,2025-08-15,2026-05-24
537899,2025-11-22 15:00:00+00:00,FINISHED,12,REGULAR_SEASON,,Fulham,Sunderland,1.0,0.0,PL,Premier League,2403,2025-08-15,2026-05-24
537903,2025-11-22 17:30:00+00:00,FINISHED,12,REGULAR_SEASON,,Newcastle United FC,Manchester City,2.0,1.0,PL,Premier League,2403,2025-08-15,2026-05-24
537901,2025-11-23 14:00:00+00:00,FINISHED,12,REGULAR_SEASON,,Leeds,Aston Villa,1.0,2.0,PL,Premier League,2403,2025-08-15,2026-05-24
537897,2025-11-23 16:30:00+00:00,FINISHED,12,REGULAR_SEASON,,Arsenal,Tottenham,4.0,1.0,PL,Premier League,2403,2025-08-15,2026-05-24
537902,2025-11-24 20:00:00+00:00,FINISHED,12,REGULAR_SEASON,,Manchester United,Everton,0.0,1.0,PL,Premier League,2403,2025-08-15,2026-05-24
537908,2025-11-29 15:00:00+00:00,FINISHED,13,REGULAR_SEASON,,Brentford,Burnley,3.0,1.0,PL,Premier League,2403,2025-08-15,2026-05-24
537911,2025-11-29 15:00:00+00:00,FINISHED,13,REGULAR_SEASON,,Manchester City,Leeds,3.0,2.0,PL,Premier League,2403,2025-08-15,2026-05-24
537905,2025-11-29 15:00:00+00:00,FINISHED,13,REGULAR_SEASON,,Sunderland,Bournemouth,3.0,2.0,PL,Premier League,2403,2025-08-15,2026-05-24
537910,2025-11-29 17:30:00+00:00,FINISHED,13,REGULAR_SEASON,,Everton,Newcastle United FC,1.0,4.0,PL,Premier League,2403,2025-08-15,2026-05-24
537913,2025-11-29 20:00:00+00:00,FINISHED,13,REGULAR_SEASON,,Tottenham,Fulham,1.0,2.0,PL,Premier League,2403,2025-08-15,2026-05-24
537907,2025-11-30 12:00:00+00:00,FINISHED,13,REGULAR_SEASON,,Crystal Palace,Manchester United,1.0,2.0,PL,Premier League,2403,2025-08-15,2026-05-24
537906,2025-11-30 14:05:00+00:00,FINISHED,13,REGULAR_SEASON,,Aston Villa,Wolverhampton Wanderers,1.0,0.0,PL,Premier League,2403,2025-08-15,2026-05-24
537912,2025-11-30 14:05:00+00:00,FINISHED,13,REGULAR_SEASON,,Nottingham Forest,Brighton,0.0,2.0,PL,Premier League,2403,2025-08-15,2026-05-24
537914,2025-11-30 14:05:00+00:00,FINISHED,13,REGULAR_SEASON,,West Ham,Liverpool,0.0,2.0,PL,Premier League,2403,2025-08-15,2026-05-24
537909,2025-11-30 16:30:00+00:00,FINISHED,13,REGULAR_SEASON,,Chelsea,Arsenal,1.0,1.0,PL,Premier League,2403,2025-08-15,2026-05-24
537915,2025-12-02 19:30:00+00:00,FINISHED,14,REGULAR_SEASON,,Bournemouth,Everton,0.0,1.0,PL,Premier League,2403,2025-08-15,2026-05-24
537919,2025-12-02 19:30:00+00:00,FINISHED,14,REGULAR_SEASON,,Fulham,Manchester City,4.0,5.0,PL,Premier League,2403,2025-08-15,2026-05-24
537923,2025-12-02 20:15:00+00:00,FINISHED,14,REGULAR_SEASON,,Newcastle United FC,Tottenham,2.0,2.0,PL,Premier League,2403,2025-08-15,2026-05-24
537916,2025-12-03 19:30:00+00:00,FINISHED,14,REGULAR_SEASON,,Brighton,Aston Villa,3.0,4.0,PL,Premier League,2403,2025-08-15,2026-05-24
537917,2025-12-03 19:30:00+00:00,FINISHED,14,REGULAR_SEASON,,Arsenal,Brentford,2.0,0.0,PL,Premier League,2403,2025-08-15,2026-05-24
537918,2025-12-03 19:30:00+00:00,FINISHED,14,REGULAR_SEASON,,Burnley,Crystal Palace,0.0,1.0,PL,Premier League,2403,2025-08-15,2026-05-24
537924,2025-12-03 19:30:00+00:00,FINISHED,14,REGULAR_SEASON,,Wolverhampton Wanderers,Nottingham Forest,0.0,1.0,PL,Premier League,2403,2025-08-15,2026-05-24
537921,2025-12-03 20:15:00+00:00,FINISHED,14,REGULAR_SEASON,,Leeds,Chelsea,3.0,1.0,PL,Premier League,2403,2025-08-15,2026-05-24
537920,2025-12-03 20:15:00+00:00,FINISHED,14,REGULAR_SEASON,,Liverpool,Sunderland,1.0,1.0,PL,Premier League,2403,2025-08-15,2026-05-24
537922,2025-12-04 20:00:00+00:00,FINISHED,14,REGULAR_SEASON,,Manchester United,West Ham,1.0,1.0,PL,Premier League,2403,2025-08-15,2026-05-24
537926,2025-12-06 12:30:00+00:00,FINISHED,15,REGULAR_SEASON,,Aston Villa,Arsenal,2.0,1.0,PL,Premier League,2403,2025-08-15,2026-05-24
537925,2025-12-06 15:00:00+00:00,FINISHED,15,REGULAR_SEASON,,Bournemouth,Chelsea,0.0,0.0,PL,Premier League,2403,2025-08-15,2026-05-24
537928,2025-12-06 15:00:00+00:00,FINISHED,15,REGULAR_SEASON,,Everton,Nottingham Forest,3.0,0.0,PL,Premier League,2403,2025-08-15,2026-05-24
537931,2025-12-06 15:00:00+00:00,FINISHED,15,REGULAR_SEASON,,Manchester City,Sunderland,3.0,0.0,PL,Premier League,2403,2025-08-15,2026-05-24
537932,2025-12-06 15:00:00+00:00,FINISHED,15,REGULAR_SEASON,,Newcastle United FC,Burnley,2.0,1.0,PL,Premier League,2403,2025-08-15,2026-05-24
537933,2025-12-06 15:00:00+00:00,FINISHED,15,REGULAR_SEASON,,Tottenham,Brentford,2.0,0.0,PL,Premier League,2403,2025-08-15,2026-05-24
537930,2025-12-06 17:30:00+00:00,FINISHED,15,REGULAR_SEASON,,Leeds,Liverpool,3.0,3.0,PL,Premier League,2403,2025-08-15,2026-05-24
537927,2025-12-07 14:00:00+00:00,FINISHED,15,REGULAR_SEASON,,Brighton,West Ham,1.0,1.0,PL,Premier League,2403,2025-08-15,2026-05-24
537929,2025-12-07 16:30:00+00:00,FINISHED,15,REGULAR_SEASON,,Fulham,Crystal Palace,1.0,2.0,PL,Premier League,2403,2025-08-15,2026-05-24
537934,2025-12-08 20:00:00+00:00,FINISHED,15,REGULAR_SEASON,,Wolverhampton Wanderers,Manchester United,1.0,4.0,PL,Premier League,2403,2025-08-15,2026-05-24
537941,2025-12-13 15:00:00+00:00,FINISHED,16,REGULAR_SEASON,,Liverpool,Brighton,2.0,0.0,PL,Premier League,2403,2025-08-15,2026-05-24
537940,2025-12-13 15:00:00+00:00,FINISHED,16,REGULAR_SEASON,,Chelsea,Everton,2.0,0.0,PL,Premier League,2403,2025-08-15,2026-05-24
537939,2025-12-13 17:30:00+00:00,FINISHED,16,REGULAR_SEASON,,Burnley,Fulham,2.0,3.0,PL,Premier League,2403,2025-08-15,2026-05-24
537937,2025-12-13 20:00:00+00:00,FINISHED,16,REGULAR_SEASON,,Arsenal,Wolverhampton Wanderers,2.0,1.0,PL,Premier League,2403,2025-08-15,2026-05-24
537935,2025-12-14 14:00:00+00:00,FINISHED,16,REGULAR_SEASON,,Sunderland,Newcastle United FC,1.0,0.0,PL,Premier League,2403,2025-08-15,2026-05-24
537936,2025-12-14 14:00:00+00:00,FINISHED,16,REGULAR_SEASON,,Crystal Palace,Manchester City,0.0,3.0,PL,Premier League,2403,2025-08-15,2026-05-24
537943,2025-12-14 14:00:00+00:00,FINISHED,16,REGULAR_SEASON,,Nottingham Forest,Tottenham,3.0,0.0,PL,Premier League,2403,2025-08-15,2026-05-24
537944,2025-12-14 14:00:00+00:00,FINISHED,16,REGULAR_SEASON,,West Ham,Aston Villa,2.0,3.0,PL,Premier League,2403,2025-08-15,2026-05-24
537938,2025-12-14 16:30:00+00:00,FINISHED,16,REGULAR_SEASON,,Brentford,Leeds,1.0,1.0,PL,Premier League,2403,2025-08-15,2026-05-24
537942,2025-12-15 20:00:00+00:00,FINISHED,16,REGULAR_SEASON,,Manchester United,Bournemouth,4.0,4.0,PL,Premier League,2403,2025-08-15,2026-05-24
537952,2025-12-20 12:30:00+00:00,FINISHED,17,REGULAR_SEASON,,Newcastle United FC,Chelsea,2.0,2.0,PL,Premier League,2403,2025-08-15,2026-05-24
537954,2025-12-20 15:00:00+00:00,FINISHED,17,REGULAR_SEASON,,Wolverhampton Wanderers,Brentford,0.0,2.0,PL,Premier League,2403,2025-08-15,2026-05-24
537951,2025-12-20 15:00:00+00:00,FINISHED,17,REGULAR_SEASON,,Manchester City,West Ham,3.0,0.0,PL,Premier League,2403,2025-08-15,2026-05-24
537947,2025-12-20 15:00:00+00:00,FINISHED,17,REGULAR_SEASON,,Brighton,Sunderland,0.0,0.0,PL,Premier League,2403,2025-08-15,2026-05-24
537945,2025-12-20 15:00:00+00:00,FINISHED,17,REGULAR_SEASON,,Bournemouth,Burnley,1.0,1.0,PL,Premier League,2403,2025-08-15,2026-05-24
537953,2025-12-20 17:30:00+00:00,FINISHED,17,REGULAR_SEASON,,Tottenham,Liverpool,1.0,2.0,PL,Premier League,2403,2025-08-15,2026-05-24
537948,2025-12-20 20:00:00+00:00,FINISHED,17,REGULAR_SEASON,,Everton,Arsenal,0.0,1.0,PL,Premier League,2403,2025-08-15,2026-05-24
537950,2025-12-20 20:00:00+00:00,FINISHED,17,REGULAR_SEASON,,Leeds,Crystal Palace,4.0,1.0,PL,Premier League,2403,2025-08-15,2026-05-24
537946,2025-12-21 16:30:00+00:00,FINISHED,17,REGULAR_SEASON,,Aston Villa,Manchester United,2.0,1.0,PL,Premier League,2403,2025-08-15,2026-05-24
537949,2025-12-22 20:00:00+00:00,FINISHED,17,REGULAR_SEASON,,Fulham,Nottingham Forest,1.0,0.0,PL,Premier League,2403,2025-08-15,2026-05-24
537962,2025-12-26 20:00:00+00:00,FINISHED,18,REGULAR_SEASON,,Manchester United,Newcastle United FC,1.0,0.0,PL,Premier League,2403,2025-08-15,2026-05-24
537963,2025-12-27 12:30:00+00:00,FINISHED,18,REGULAR_SEASON,,Nottingham Forest,Manchester City,1.0,2.0,PL,Premier League,2403,2025-08-15,2026-05-24
537964,2025-12-27 15:00:00+00:00,FINISHED,18,REGULAR_SEASON,,West Ham,Fulham,0.0,1.0,PL,Premier League,2403,2025-08-15,2026-05-24
537961,2025-12-27 15:00:00+00:00,FINISHED,18,REGULAR_SEASON,,Liverpool,Wolverhampton Wanderers,2.0,1.0,PL,Premier League,2403,2025-08-15,2026-05-24
537958,2025-12-27 15:00:00+00:00,FINISHED,18,REGULAR_SEASON,,Brentford,Bournemouth,4.0,1.0,PL,Premier League,2403,2025-08-15,2026-05-24
537957,2025-12-27 15:00:00+00:00,FINISHED,18,REGULAR_SEASON,,Arsenal,Brighton,2.0,1.0,PL,Premier League,2403,2025-08-15,2026-05-24
537959,2025-12-27 15:00:00+00:00,FINISHED,18,REGULAR_SEASON,,Burnley,Everton,0.0,0.0,PL,Premier League,2403,2025-08-15,2026-05-24
537960,2025-12-27 17:30:00+00:00,FINISHED,18,REGULAR_SEASON,,Chelsea,Aston Villa,1.0,2.0,PL,Premier League,2403,2025-08-15,2026-05-24
537955,2025-12-28 14:00:00+00:00,FINISHED,18,REGULAR_SEASON,,Sunderland,Leeds,1.0,1.0,PL,Premier League,2403,2025-08-15,2026-05-24
537956,2025-12-28 16:30:00+00:00,FINISHED,18,REGULAR_SEASON,,Crystal Palace,Tottenham,0.0,1.0,PL,Premier League,2403,2025-08-15,2026-05-24
537969,2025-12-30 19:30:00+00:00,FINISHED,19,REGULAR_SEASON,,Burnley,Newcastle United FC,1.0,3.0,PL,Premier League,2403,2025-08-15,2026-05-24
537970,2025-12-30 19:30:00+00:00,FINISHED,19,REGULAR_SEASON,,Chelsea,Bournemouth,2.0,2.0,PL,Premier League,2403,2025-08-15,2026-05-24
537973,2025-12-30 19:30:00+00:00,FINISHED,19,REGULAR_SEASON,,Nottingham Forest,Everton,0.0,2.0,PL,Premier League,2403,2025-08-15,2026-05-24
537974,2025-12-30 19:30:00+00:00,FINISHED,19,REGULAR_SEASON,,West Ham,Brighton,2.0,2.0,PL,Premier League,2403,2025-08-15,2026-05-24
537967,2025-12-30 20:15:00+00:00,FINISHED,19,REGULAR_SEASON,,Arsenal,Aston Villa,4.0,1.0,PL,Premier League,2403,2025-08-15,2026-05-24
537972,2025-12-30 20:15:00+00:00,FINISHED,19,REGULAR_SEASON,,Manchester United,Wolverhampton Wanderers,1.0,1.0,PL,Premier League,2403,2025-08-15,2026-05-24
537966,2026-01-01 17:30:00+00:00,FINISHED,19,REGULAR_SEASON,,Crystal Palace,Fulham,1.0,1.0,PL,Premier League,2403,2025-08-15,2026-05-24
537971,2026-01-01 17:30:00+00:00,FINISHED,19,REGULAR_SEASON,,Liverpool,Leeds,0.0,0.0,PL,Premier League,2403,2025-08-15,2026-05-24
537968,2026-01-01 20:00:00+00:00,FINISHED,19,REGULAR_SEASON,,Brentford,Tottenham,0.0,0.0,PL,Premier League,2403,2025-08-15,2026-05-24
537965,2026-01-01 20:00:00+00:00,FINISHED,19,REGULAR_SEASON,,Sunderland,Manchester City,0.0,0.0,PL,Premier League,2403,2025-08-15,2026-05-24
537976,2026-01-03 12:30:00+00:00,FINISHED,20,REGULAR_SEASON,,Aston Villa,Nottingham Forest,3.0,1.0,PL,Premier League,2403,2025-08-15,2026-05-24
537977,2026-01-03 15:00:00+00:00,FINISHED,20,REGULAR_SEASON,,Brighton,Burnley,2.0,0.0,PL,Premier League,2403,2025-08-15,2026-05-24
537984,2026-01-03 15:00:00+00:00,FINISHED,20,REGULAR_SEASON,,Wolverhampton Wanderers,West Ham,3.0,0.0,PL,Premier League,2403,2025-08-15,2026-05-24
537975,2026-01-03 17:30:00+00:00,FINISHED,20,REGULAR_SEASON,,Bournemouth,Arsenal,2.0,3.0,PL,Premier League,2403,2025-08-15,2026-05-24
537980,2026-01-04 12:30:00+00:00,FINISHED,20,REGULAR_SEASON,,Leeds,Manchester United,1.0,1.0,PL,Premier League,2403,2025-08-15,2026-05-24
537978,2026-01-04 15:00:00+00:00,FINISHED,20,REGULAR_SEASON,,Everton,Brentford,2.0,4.0,PL,Premier League,2403,2025-08-15,2026-05-24
537982,2026-01-04 15:00:00+00:00,FINISHED,20,REGULAR_SEASON,,Newcastle United FC,Crystal Palace,2.0,0.0,PL,Premier League,2403,2025-08-15,2026-05-24
537983,2026-01-04 15:00:00+00:00,FINISHED,20,REGULAR_SEASON,,Tottenham,Sunderland,1.0,1.0,PL,Premier League,2403,2025-08-15,2026-05-24
537979,2026-01-04 15:15:00+00:00,FINISHED,20,REGULAR_SEASON,,Fulham,Liverpool,2.0,2.0,PL,Premier League,2403,2025-08-15,2026-05-24
537981,2026-01-04 17:30:00+00:00,FINISHED,20,REGULAR_SEASON,,Manchester City,Chelsea,1.0,1.0,PL,Premier League,2403,2025-08-15,2026-05-24
537994,2026-01-06 20:00:00+00:00,FINISHED,21,REGULAR_SEASON,,West Ham,Nottingham Forest,1.0,2.0,PL,Premier League,2403,2025-08-15,2026-05-24
537992,2026-01-07 19:30:00+00:00,FINISHED,21,REGULAR_SEASON,,Manchester City,Brighton,1.0,1.0,PL,Premier League,2403,2025-08-15,2026-05-24
537991,2026-01-07 19:30:00+00:00,FINISHED,21,REGULAR_SEASON,,Fulham,Chelsea,2.0,1.0,PL,Premier League,2403,2025-08-15,2026-05-24
537990,2026-01-07 19:30:00+00:00,FINISHED,21,REGULAR_SEASON,,Everton,Wolverhampton Wanderers,1.0,1.0,PL,Premier League,2403,2025-08-15,2026-05-24
537986,2026-01-07 19:30:00+00:00,FINISHED,21,REGULAR_SEASON,,Crystal Palace,Aston Villa,0.0,0.0,PL,Premier League,2403,2025-08-15,2026-05-24
537985,2026-01-07 19:30:00+00:00,FINISHED,21,REGULAR_SEASON,,Bournemouth,Tottenham,3.0,2.0,PL,Premier League,2403,2025-08-15,2026-05-24
537988,2026-01-07 19:30:00+00:00,FINISHED,21,REGULAR_SEASON,,Brentford,Sunderland,3.0,0.0,PL,Premier League,2403,2025-08-15,2026-05-24
537989,2026-01-07 20:15:00+00:00,FINISHED,21,REGULAR_SEASON,,Burnley,Manchester United,2.0,2.0,PL,Premier League,2403,2025-08-15,2026-05-24
537993,2026-01-07 20:15:00+00:00,FINISHED,21,REGULAR_SEASON,,Newcastle United FC,Leeds,4.0,3.0,PL,Premier League,2403,2025-08-15,2026-05-24
537987,2026-01-08 20:00:00+00:00,FINISHED,21,REGULAR_SEASON,,Arsenal,Liverpool,0.0,0.0,PL,Premier League,2403,2025-08-15,2026-05-24
538001,2026-01-17 12:30:00+00:00,FINISHED,22,REGULAR_SEASON,,Manchester United,Manchester City,2.0,0.0,PL,Premier League,2403,2025-08-15,2026-05-24
537999,2026-01-17 15:00:00+00:00,FINISHED,22,REGULAR_SEASON,,Liverpool,Burnley,1.0,1.0,PL,Premier League,2403,2025-08-15,2026-05-24
538000,2026-01-17 15:00:00+00:00,FINISHED,22,REGULAR_SEASON,,Leeds,Fulham,1.0,0.0,PL,Premier League,2403,2025-08-15,2026-05-24
537995,2026-01-17 15:00:00+00:00,FINISHED,22,REGULAR_SEASON,,Sunderland,Crystal Palace,2.0,1.0,PL,Premier League,2403,2025-08-15,2026-05-24
537998,2026-01-17 15:00:00+00:00,FINISHED,22,REGULAR_SEASON,,Chelsea,Brentford,2.0,0.0,PL,Premier League,2403,2025-08-15,2026-05-24
538003,2026-01-17 15:00:00+00:00,FINISHED,22,REGULAR_SEASON,,Tottenham,West Ham,1.0,2.0,PL,Premier League,2403,2025-08-15,2026-05-24
538002,2026-01-17 17:30:00+00:00,FINISHED,22,REGULAR_SEASON,,Nottingham Forest,Arsenal,0.0,0.0,PL,Premier League,2403,2025-08-15,2026-05-24
538004,2026-01-18 14:00:00+00:00,FINISHED,22,REGULAR_SEASON,,Wolverhampton Wanderers,Newcastle United FC,0.0,0.0,PL,Premier League,2403,2025-08-15,2026-05-24
537996,2026-01-18 16:30:00+00:00,FINISHED,22,REGULAR_SEASON,,Aston Villa,Everton,0.0,1.0,PL,Premier League,2403,2025-08-15,2026-05-24
537997,2026-01-19 20:00:00+00:00,FINISHED,22,REGULAR_SEASON,,Brighton,Bournemouth,1.0,1.0,PL,Premier League,2403,2025-08-15,2026-05-24
538014,2026-01-24 12:30:00+00:00,FINISHED,23,REGULAR_SEASON,,West Ham,Sunderland,3.0,1.0,PL,Premier League,2403,2025-08-15,2026-05-24
538009,2026-01-24 15:00:00+00:00,FINISHED,23,REGULAR_SEASON,,Burnley,Tottenham,2.0,2.0,PL,Premier League,2403,2025-08-15,2026-05-24
538011,2026-01-24 15:00:00+00:00,FINISHED,23,REGULAR_SEASON,,Fulham,Brighton,2.0,1.0,PL,Premier League,2403,2025-08-15,2026-05-24
538012,2026-01-24 15:00:00+00:00,FINISHED,23,REGULAR_SEASON,,Manchester City,Wolverhampton Wanderers,2.0,0.0,PL,Premier League,2403,2025-08-15,2026-05-24
538005,2026-01-24 17:30:00+00:00,FINISHED,23,REGULAR_SEASON,,Bournemouth,Liverpool,3.0,2.0,PL,Premier League,2403,2025-08-15,2026-05-24
538006,2026-01-25 14:00:00+00:00,FINISHED,23,REGULAR_SEASON,,Crystal Palace,Chelsea,1.0,3.0,PL,Premier League,2403,2025-08-15,2026-05-24
538008,2026-01-25 14:00:00+00:00,FINISHED,23,REGULAR_SEASON,,Brentford,Nottingham Forest,0.0,2.0,PL,Premier League,2403,2025-08-15,2026-05-24
538013,2026-01-25 14:00:00+00:00,FINISHED,23,REGULAR_SEASON,,Newcastle United FC,Aston Villa,0.0,2.0,PL,Premier League,2403,2025-08-15,2026-05-24
538007,2026-01-25 16:30:00+00:00,FINISHED,23,REGULAR_SEASON,,Arsenal,Manchester United,2.0,3.0,PL,Premier League,2403,2025-08-15,2026-05-24
538010,2026-01-26 20:00:00+00:00,FINISHED,23,REGULAR_SEASON,,Everton,Leeds,1.0,1.0,PL,Premier League,2403,2025-08-15,2026-05-24
538017,2026-01-31 15:00:00+00:00,FINISHED,24,REGULAR_SEASON,,Brighton,Everton,1.0,1.0,PL,Premier League,2403,2025-08-15,2026-05-24
538020,2026-01-31 15:00:00+00:00,FINISHED,24,REGULAR_SEASON,,Leeds,Arsenal,0.0,4.0,PL,Premier League,2403,2025-08-15,2026-05-24
538024,2026-01-31 15:00:00+00:00,FINISHED,24,REGULAR_SEASON,,Wolverhampton Wanderers,Bournemouth,0.0,2.0,PL,Premier League,2403,2025-08-15,2026-05-24
538018,2026-01-31 17:30:00+00:00,FINISHED,24,REGULAR_SEASON,,Chelsea,West Ham,3.0,2.0,PL,Premier League,2403,2025-08-15,2026-05-24
538019,2026-01-31 20:00:00+00:00,FINISHED,24,REGULAR_SEASON,,Liverpool,Newcastle United FC,4.0,1.0,PL,Premier League,2403,2025-08-15,2026-05-24
538016,2026-02-01 14:00:00+00:00,FINISHED,24,REGULAR_SEASON,,Aston Villa,Brentford,0.0,1.0,PL,Premier League,2403,2025-08-15,2026-05-24
538021,2026-02-01 14:00:00+00:00,FINISHED,24,REGULAR_SEASON,,Manchester United,Fulham,3.0,2.0,PL,Premier League,2403,2025-08-15,2026-05-24
538022,2026-02-01 14:00:00+00:00,FINISHED,24,REGULAR_SEASON,,Nottingham Forest,Crystal Palace,1.0,1.0,PL,Premier League,2403,2025-08-15,2026-05-24
538023,2026-02-01 16:30:00+00:00,FINISHED,24,REGULAR_SEASON,,Tottenham,Manchester City,2.0,2.0,PL,Premier League,2403,2025-08-15,2026-05-24
538015,2026-02-02 20:00:00+00:00,FINISHED,24,REGULAR_SEASON,,Sunderland,Burnley,3.0,0.0,PL,Premier League,2403,2025-08-15,2026-05-24
538031,2026-02-06 20:00:00+00:00,FINISHED,25,REGULAR_SEASON,,Leeds,Nottingham Forest,3.0,1.0,PL,Premier League,2403,2025-08-15,2026-05-24
538032,2026-02-07 12:30:00+00:00,FINISHED,25,REGULAR_SEASON,,Manchester United,Tottenham,2.0,0.0,PL,Premier League,2403,2025-08-15,2026-05-24
538025,2026-02-07 15:00:00+00:00,FINISHED,25,REGULAR_SEASON,,Bournemouth,Aston Villa,1.0,1.0,PL,Premier League,2403,2025-08-15,2026-05-24
538034,2026-02-07 15:00:00+00:00,FINISHED,25,REGULAR_SEASON,,Wolverhampton Wanderers,Chelsea,1.0,3.0,PL,Premier League,2403,2025-08-15,2026-05-24
538027,2026-02-07 15:00:00+00:00,FINISHED,25,REGULAR_SEASON,,Arsenal,Sunderland,3.0,0.0,PL,Premier League,2403,2025-08-15,2026-05-24
538029,2026-02-07 15:00:00+00:00,FINISHED,25,REGULAR_SEASON,,Fulham,Everton,1.0,2.0,PL,Premier League,2403,2025-08-15,2026-05-24
538028,2026-02-07 15:00:00+00:00,FINISHED,25,REGULAR_SEASON,,Burnley,West Ham,0.0,2.0,PL,Premier League,2403,2025-08-15,2026-05-24
538033,2026-02-07 17:30:00+00:00,FINISHED,25,REGULAR_SEASON,,Newcastle United FC,Brentford,2.0,3.0,PL,Premier League,2403,2025-08-15,2026-05-24
538026,2026-02-08 14:00:00+00:00,FINISHED,25,REGULAR_SEASON,,Brighton,Crystal Palace,0.0,1.0,PL,Premier League,2403,2025-08-15,2026-05-24
538030,2026-02-08 16:30:00+00:00,FINISHED,25,REGULAR_SEASON,,Liverpool,Manchester City,1.0,2.0,PL,Premier League,2403,2025-08-15,2026-05-24
538039,2026-02-10 19:30:00+00:00,FINISHED,26,REGULAR_SEASON,,Chelsea,Leeds,2.0,2.0,PL,Premier League,2403,2025-08-15,2026-05-24
538040,2026-02-10 19:30:00+00:00,FINISHED,26,REGULAR_SEASON,,Everton,Bournemouth,1.0,2.0,PL,Premier League,2403,2025-08-15,2026-05-24
538043,2026-02-10 19:30:00+00:00,FINISHED,26,REGULAR_SEASON,,Tottenham,Newcastle United FC,1.0,2.0,PL,Premier League,2403,2025-08-15,2026-05-24
538044,2026-02-10 20:15:00+00:00,FINISHED,26,REGULAR_SEASON,,West Ham,Manchester United,1.0,1.0,PL,Premier League,2403,2025-08-15,2026-05-24
538042,2026-02-11 19:30:00+00:00,FINISHED,26,REGULAR_SEASON,,Nottingham Forest,Wolverhampton Wanderers,0.0,0.0,PL,Premier League,2403,2025-08-15,2026-05-24
538036,2026-02-11 19:30:00+00:00,FINISHED,26,REGULAR_SEASON,,Aston Villa,Brighton,1.0,0.0,PL,Premier League,2403,2025-08-15,2026-05-24
538041,2026-02-11 19:30:00+00:00,FINISHED,26,REGULAR_SEASON,,Manchester City,Fulham,3.0,0.0,PL,Premier League,2403,2025-08-15,2026-05-24
538037,2026-02-11 19:40:00+00:00,FINISHED,26,REGULAR_SEASON,,Crystal Palace,Burnley,2.0,3.0,PL,Premier League,2403,2025-08-15,2026-05-24
538035,2026-02-11 20:15:00+00:00,FINISHED,26,REGULAR_SEASON,,Sunderland,Liverpool,0.0,1.0,PL,Premier League,2403,2025-08-15,2026-05-24
538038,2026-02-12 20:00:00+00:00,FINISHED,26,REGULAR_SEASON,,Brentford,Arsenal,1.0,1.0,PL,Premier League,2403,2025-08-15,2026-05-24
538094,2026-02-18 20:00:00+00:00,FINISHED,31,REGULAR_SEASON,,Wolverhampton Wanderers,Arsenal,2.0,2.0,PL,Premier League,2403,2025-08-15,2026-05-24
538046,2026-02-21 15:00:00+00:00,FINISHED,27,REGULAR_SEASON,,Aston Villa,Leeds,1.0,1.0,PL,Premier League,2403,2025-08-15,2026-05-24
538048,2026-02-21 15:00:00+00:00,FINISHED,27,REGULAR_SEASON,,Brentford,Brighton,0.0,2.0,PL,Premier League,2403,2025-08-15,2026-05-24
538049,2026-02-21 15:00:00+00:00,FINISHED,27,REGULAR_SEASON,,Chelsea,Burnley,1.0,1.0,PL,Premier League,2403,2025-08-15,2026-05-24
538054,2026-02-21 17:30:00+00:00,FINISHED,27,REGULAR_SEASON,,West Ham,Bournemouth,0.0,0.0,PL,Premier League,2403,2025-08-15,2026-05-24
538051,2026-02-21 20:00:00+00:00,FINISHED,27,REGULAR_SEASON,,Manchester City,Newcastle United FC,2.0,1.0,PL,Premier League,2403,2025-08-15,2026-05-24
538052,2026-02-22 14:00:00+00:00,FINISHED,27,REGULAR_SEASON,,Nottingham Forest,Liverpool,0.0,1.0,PL,Premier League,2403,2025-08-15,2026-05-24
538047,2026-02-22 14:00:00+00:00,FINISHED,27,REGULAR_SEASON,,Crystal Palace,Wolverhampton Wanderers,1.0,0.0,PL,Premier League,2403,2025-08-15,2026-05-24
538045,2026-02-22 14:00:00+00:00,FINISHED,27,REGULAR_SEASON,,Sunderland,Fulham,1.0,3.0,PL,Premier League,2403,2025-08-15,2026-05-24
538053,2026-02-22 16:30:00+00:00,FINISHED,27,REGULAR_SEASON,,Tottenham,Arsenal,1.0,4.0,PL,Premier League,2403,2025-08-15,2026-05-24
538050,2026-02-23 20:00:00+00:00,FINISHED,27,REGULAR_SEASON,,Everton,Manchester United,0.0,1.0,PL,Premier League,2403,2025-08-15,2026-05-24
538064,2026-02-27 20:00:00+00:00,FINISHED,28,REGULAR_SEASON,,Wolverhampton Wanderers,Aston Villa,2.0,0.0,PL,Premier League,2403,2025-08-15,2026-05-24
538055,2026-02-28 12:30:00+00:00,FINISHED,28,REGULAR_SEASON,,Bournemouth,Sunderland,1.0,1.0,PL,Premier League,2403,2025-08-15,2026-05-24
538058,2026-02-28 15:00:00+00:00,FINISHED,28,REGULAR_SEASON,,Burnley,Brentford,3.0,4.0,PL,Premier League,2403,2025-08-15,2026-05-24
538060,2026-02-28 15:00:00+00:00,FINISHED,28,REGULAR_SEASON,,Liverpool,West Ham,5.0,2.0,PL,Premier League,2403,2025-08-15,2026-05-24
538063,2026-02-28 15:00:00+00:00,FINISHED,28,REGULAR_SEASON,,Newcastle United FC,Everton,2.0,3.0,PL,Premier League,2403,2025-08-15,2026-05-24
538061,2026-02-28 17:30:00+00:00,FINISHED,28,REGULAR_SEASON,,Leeds,Manchester City,0.0,1.0,PL,Premier League,2403,2025-08-15,2026-05-24
538059,2026-03-01 14:00:00+00:00,FINISHED,28,REGULAR_SEASON,,Fulham,Tottenham,2.0,1.0,PL,Premier League,2403,2025-08-15,2026-05-24
538062,2026-03-01 14:00:00+00:00,FINISHED,28,REGULAR_SEASON,,Manchester United,Crystal Palace,2.0,1.0,PL,Premier League,2403,2025-08-15,2026-05-24
538056,2026-03-01 14:00:00+00:00,FINISHED,28,REGULAR_SEASON,,Brighton,Nottingham Forest,2.0,1.0,PL,Premier League,2403,2025-08-15,2026-05-24
538057,2026-03-01 16:30:00+00:00,FINISHED,28,REGULAR_SEASON,,Arsenal,Chelsea,2.0,1.0,PL,Premier League,2403,2025-08-15,2026-05-24
538070,2026-03-03 19:30:00+00:00,FINISHED,29,REGULAR_SEASON,,Leeds,Sunderland,0.0,1.0,PL,Premier League,2403,2025-08-15,2026-05-24
538065,2026-03-03 19:30:00+00:00,FINISHED,29,REGULAR_SEASON,,Bournemouth,Brentford,0.0,0.0,PL,Premier League,2403,2025-08-15,2026-05-24
538068,2026-03-03 19:30:00+00:00,FINISHED,29,REGULAR_SEASON,,Everton,Burnley,2.0,0.0,PL,Premier League,2403,2025-08-15,2026-05-24
538074,2026-03-03 20:15:00+00:00,FINISHED,29,REGULAR_SEASON,,Wolverhampton Wanderers,Liverpool,2.0,1.0,PL,Premier League,2403,2025-08-15,2026-05-24
538066,2026-03-04 19:30:00+00:00,FINISHED,29,REGULAR_SEASON,,Aston Villa,Chelsea,1.0,4.0,PL,Premier League,2403,2025-08-15,2026-05-24
538067,2026-03-04 19:30:00+00:00,FINISHED,29,REGULAR_SEASON,,Brighton,Arsenal,0.0,1.0,PL,Premier League,2403,2025-08-15,2026-05-24
538069,2026-03-04 19:30:00+00:00,FINISHED,29,REGULAR_SEASON,,Fulham,West Ham,0.0,1.0,PL,Premier League,2403,2025-08-15,2026-05-24
538071,2026-03-04 19:30:00+00:00,FINISHED,29,REGULAR_SEASON,,Manchester City,Nottingham Forest,2.0,2.0,PL,Premier League,2403,2025-08-15,2026-05-24
538072,2026-03-04 20:15:00+00:00,FINISHED,29,REGULAR_SEASON,,Newcastle United FC,Manchester United,2.0,1.0,PL,Premier League,2403,2025-08-15,2026-05-24
538073,2026-03-05 20:00:00+00:00,FINISHED,29,REGULAR_SEASON,,Tottenham,Crystal Palace,1.0,3.0,PL,Premier League,2403,2025-08-15,2026-05-24
538079,2026-03-14 15:00:00+00:00,FINISHED,30,REGULAR_SEASON,,Burnley,Bournemouth,0.0,0.0,PL,Premier League,2403,2025-08-15,2026-05-24
538075,2026-03-14 15:00:00+00:00,FINISHED,30,REGULAR_SEASON,,Sunderland,Brighton,0.0,1.0,PL,Premier League,2403,2025-08-15,2026-05-24
538077,2026-03-14 17:30:00+00:00,FINISHED,30,REGULAR_SEASON,,Arsenal,Everton,2.0,0.0,PL,Premier League,2403,2025-08-15,2026-05-24
538080,2026-03-14 17:30:00+00:00,FINISHED,30,REGULAR_SEASON,,Chelsea,Newcastle United FC,0.0,1.0,PL,Premier League,2403,2025-08-15,2026-05-24
538084,2026-03-14 20:00:00+00:00,FINISHED,30,REGULAR_SEASON,,West Ham,Manchester City,1.0,1.0,PL,Premier League,2403,2025-08-15,2026-05-24
538076,2026-03-15 14:00:00+00:00,FINISHED,30,REGULAR_SEASON,,Crystal Palace,Leeds,0.0,0.0,PL,Premier League,2403,2025-08-15,2026-05-24
538082,2026-03-15 14:00:00+00:00,FINISHED,30,REGULAR_SEASON,,Manchester United,Aston Villa,3.0,1.0,PL,Premier League,2403,2025-08-15,2026-05-24
538083,2026-03-15 14:00:00+00:00,FINISHED,30,REGULAR_SEASON,,Nottingham Forest,Fulham,0.0,0.0,PL,Premier League,2403,2025-08-15,2026-05-24
538081,2026-03-15 16:30:00+00:00,FINISHED,30,REGULAR_SEASON,,Liverpool,Tottenham,1.0,1.0,PL,Premier League,2403,2025-08-15,2026-05-24
538078,2026-03-16 20:00:00+00:00,FINISHED,30,REGULAR_SEASON,,Brentford,Wolverhampton Wanderers,2.0,2.0,PL,Premier League,2403,2025-08-15,2026-05-24
538085,2026-03-20 20:00:00+00:00,FINISHED,31,REGULAR_SEASON,,Bournemouth,Manchester United,2.0,2.0,PL,Premier League,2403,2025-08-15,2026-05-24
538091,2026-03-21 00:00:00+00:00,POSTPONED,31,REGULAR_SEASON,,Manchester City,Crystal Palace,,,PL,Premier League,2403,2025-08-15,2026-05-24
538087,2026-03-21 12:45:00+00:00,FINISHED,31,REGULAR_SEASON,,Brighton,Liverpool,2.0,1.0,PL,Premier League,2403,2025-08-15,2026-05-24
538089,2026-03-21 15:00:00+00:00,FINISHED,31,REGULAR_SEASON,,Fulham,Burnley,3.0,1.0,PL,Premier League,2403,2025-08-15,2026-05-24
538088,2026-03-21 17:30:00+00:00,FINISHED,31,REGULAR_SEASON,,Everton,Chelsea,3.0,0.0,PL,Premier League,2403,2025-08-15,2026-05-24
538090,2026-03-21 20:00:00+00:00,FINISHED,31,REGULAR_SEASON,,Leeds,Brentford,0.0,0.0,PL,Premier League,2403,2025-08-15,2026-05-24
538092,2026-03-22 12:00:00+00:00,FINISHED,31,REGULAR_SEASON,,Newcastle United FC,Sunderland,1.0,2.0,PL,Premier League,2403,2025-08-15,2026-05-24
538086,2026-03-22 14:15:00+00:00,FINISHED,31,REGULAR_SEASON,,Aston Villa,West Ham,2.0,0.0,PL,Premier League,2403,2025-08-15,2026-05-24
538093,2026-03-22 14:15:00+00:00,FINISHED,31,REGULAR_SEASON,,Tottenham,Nottingham Forest,0.0,3.0,PL,Premier League,2403,2025-08-15,2026-05-24
538104,2026-04-10 19:00:00+00:00,TIMED,32,REGULAR_SEASON,,West Ham,Wolverhampton Wanderers,,,PL,Premier League,2403,2025-08-15,2026-05-24
538097,2026-04-11 11:30:00+00:00,TIMED,32,REGULAR_SEASON,,Arsenal,Bournemouth,,,PL,Premier League,2403,2025-08-15,2026-05-24
538098,2026-04-11 14:00:00+00:00,TIMED,32,REGULAR_SEASON,,Brentford,Everton,,,PL,Premier League,2403,2025-08-15,2026-05-24
538099,2026-04-11 14:00:00+00:00,TIMED,32,REGULAR_SEASON,,Burnley,Brighton,,,PL,Premier League,2403,2025-08-15,2026-05-24
538101,2026-04-11 16:30:00+00:00,TIMED,32,REGULAR_SEASON,,Liverpool,Fulham,,,PL,Premier League,2403,2025-08-15,2026-05-24
538096,2026-04-12 13:00:00+00:00,TIMED,32,REGULAR_SEASON,,Crystal Palace,Newcastle United FC,,,PL,Premier League,2403,2025-08-15,2026-05-24
538095,2026-04-12 13:00:00+00:00,TIMED,32,REGULAR_SEASON,,Sunderland,Tottenham,,,PL,Premier League,2403,2025-08-15,2026-05-24
538103,2026-04-12 13:00:00+00:00,TIMED,32,REGULAR_SEASON,,Nottingham Forest,Aston Villa,,,PL,Premier League,2403,2025-08-15,2026-05-24
538100,2026-04-12 15:30:00+00:00,TIMED,32,REGULAR_SEASON,,Chelsea,Manchester City,,,PL,Premier League,2403,2025-08-15,2026-05-24
538102,2026-04-13 19:00:00+00:00,TIMED,32,REGULAR_SEASON,,Manchester United,Leeds,,,PL,Premier League,2403,2025-08-15,2026-05-24
